{"cameraMode":{"drawMode":0,"name":"Shaded","section":"Shading Mode"},"sceneLighting":true,"audioPlay":false,"sceneViewState":{"showFog":true,"showMaterialUpdate":false,"showSkybox":true,"showFlares":true,"showImageEffects":true,"showParticleSystems":true},"in2DMode":false,"pivot":{"x":37.399925231933597,"y":3.536581039428711,"z":85.32349395751953},"rotation":{"x":0.2094118446111679,"y":0.2645696997642517,"z":-0.058969978243112567,"w":0.9395084977149963},"size":28.13136100769043,"orthographic":false}